,latency,time
279840,491338,34869730363
511692,453187,15798830213
838359,429725,144518006040
896007,426762,15358497663
950421,424138,157230776215
980844,422738,20566410850
1004558,421688,99434813714
1059948,419338,69408602926
1169157,415062,53144511001
1278294,411163,75393822376
1346895,408887,34075236826
1409049,406938,12617519400
1465010,405237,25336088363
1499471,404225,5348257050
1612608,401075,54735582626
1795009,396437,33383907951
1924216,393412,119448899765
2031208,391038,134186876952
2113668,389287,115449235840
2134303,388862,136572958003
2155927,388412,1349073838
2161392,388300,105439879239
2184029,387837,79418832714
2251111,386500,65857566464
2364044,384325,5345000913
2455177,382637,97436495102
2457155,382600,137464627803
2503596,381762,153483666228
2577772,380438,132600665152
2640818,379350,53398843726
2672069,378825,109557441340
2683473,378625,15361384338
2696832,378412,150080193753
2795038,376763,95435647439
2854058,375800,9355585400
2912516,374875,79365274939
2977948,373850,85424131027
3068661,372462,63402871714
3076741,372338,149475699290
3126031,371600,41389524088
3165213,371013,3349598975
3213154,370313,161488913803
3437139,367125,145473043478
3505468,366187,97435215227
3626430,364562,99430320477
3711525,363425,22952449863
3775153,362600,44406878626
3821816,362000,2287853025
3880213,361262,4671559138
3941239,360500,115119183915
4001400,359750,157478769965
4003209,359725,117445367252
4072142,358875,101434828389
4078154,358800,79418436389
4090288,358650,67407206051
4119191,358300,110350639965
4153640,357887,129459569040
4181421,357550,113528801552
4298416,356162,127461670990
4731455,351188,17360232125
4738565,351113,124656183002
4781367,350650,161997627978
4813245,350288,45993194663
4923770,349087,81421151727
5002050,348237,28514646326
5048309,347750,139463874615
5137386,346800,123451699290
5257914,345538,99229898864
5278604,345325,67409898851
5428165,343787,39385771151
5752800,340525,76187989126
5769585,340362,77416696064
5777542,340287,147473981053
5838550,339687,148491451678
6061954,337500,35380177676
6132890,336813,18976941125
6138281,336763,57402002101
6139546,336750,21366561213
6140624,336750,162791718091
6305359,335175,66653347126
6312418,335112,107445753390
6374424,334525,31380025338
6403437,334250,23366857438
6456089,333762,51396253676
6493127,333413,51396883088
6539802,332987,139469692453
6602518,332400,70624339964
6656376,331900,26925330588
6718565,331337,21364100063
6740544,331137,23367313938
6798887,330612,142928943503
6804976,330550,63405558489
6885272,329825,75412481626
6922774,329487,21364999038
7160151,327362,75413452364
7162118,327338,49392061763
7204243,326975,155481527990
7227463,326763,117451719277
7330029,325850,17361988563
7331788,325838,103439117039
7438908,324900,133395412515
7541636,324000,87421920664
7559220,323850,134984693803
7602667,323463,41382552038
7722611,322437,128625198590
7850800,321337,89424166077
7922114,320725,138955729565
7968183,320325,59502228526
7981959,320212,71408916764
8122504,319013,68243176201
8239383,318037,161484712066
8304510,317487,163485132941
8366199,316962,93429531252
8438179,316350,29373128238
8532098,315575,157478820115
8538180,315525,155483072328
8622199,314813,77413129451
8636794,314700,127037805015
8881800,312675,104787442152
8886746,312637,111941772990
8998496,311712,88104455552
9188409,310150,123455623640
9197860,310075,143470617878
9313155,309125,75415606789
9339484,308913,147470583815
9428299,308187,5467015363
9479899,307763,25374295625
9556193,307150,69410866101
9598819,306812,105433911027
9663679,306287,25371521863
9668147,306250,65406988026
9673654,306212,141467696928
9707916,305925,25370074325
9930727,304138,33279863613
9961666,303900,103444097564
10065900,303075,151473777653
10125284,302600,91427352252
10244692,301650,59399505776
10342789,300875,55398252526
10395123,300463,137470698190
10400938,300413,13353597650
10518137,299500,139463936853
10625937,298650,43383154163
10628321,298637,95428621052
10642575,298525,135462859428
10648477,298475,77164554626
10655648,298425,163483252516
10940502,296200,41382610313
11000167,295738,77420944551
11034317,295475,43612266151
11177764,294375,129454302640
11193099,294250,61396151676
11312929,293337,127451520665
11320255,293275,53393575351
11328203,293213,71411113701
11335487,293162,57116147339
11345178,293087,47389449376
11462457,292188,101611347789
11529469,291687,160461922428
11536598,291625,57911792826
11748500,290025,124021300727
11778720,289800,163491475616
11987808,288225,96050130239
12110419,287312,115453095790
12237824,286362,51556693826
12306438,285850,88898595889
12349845,285525,40724198863
12356792,285475,69406875951
12492049,284475,9354870525
12561428,283975,149476225703
12571973,283888,53938702101
12587198,283775,39388957063
12624445,283500,1344440500
12653080,283300,125460132965
12764128,282488,83418001239
12866205,281750,35383299151
12942672,281212,83420354052
13024806,280625,164378086241
13048599,280450,99429860064
13085332,280187,112736330565
13225110,279188,53394076538
13298411,278675,103202215514
13328561,278462,85720881827
13348456,278325,163486413441
13473164,277450,151473371378
13484085,277363,3348398150
13687350,275963,76981661826
13726002,275700,62414023464
13841930,274912,154052223428
13922090,274362,114476167865
13939903,274238,161483329178
14249033,272163,125457518227
14364448,271400,100817903914
14445347,270863,85412412939
14465359,270737,91677609227
14560847,270112,45392001526
14565611,270075,16592076638
14576825,270012,130215625940
14585874,269950,98433490502
14587668,269937,7057911963
14601026,269850,89431390664
14672536,269387,53394539051
14695139,269238,69033953401
14729499,269013,8648084075
14773814,268737,147473066128
14847040,268263,155477798490
14858646,268188,146903868465
14899960,267925,65402873426
14938265,267687,63406067514
14962455,267537,120682755490
15143212,266400,59401341101
15167927,266250,109442716665
15276612,265575,103429473614
15307930,265375,3409355288
15348351,265125,19364467975
15358223,265075,139750380615
15414496,264725,89420502314
15418637,264700,81419898764
15439088,264575,60295476139
15467264,264400,37378182126
15505839,264175,138772208990
15624852,263462,149482290203
15700257,263012,128360537865
15789547,262475,59404364076
15823798,262275,107173796577
15829082,262238,57398462701
15872797,261987,87310751052
15900486,261825,123450269765
15920048,261712,158023647528
16045587,260975,113442561365
16195946,260100,30103066701
16201391,260075,115445593765
16206292,260050,161200429678
16240460,259850,101461114164
16244773,259825,101433971652
16446476,258675,37385284301
16490931,258425,29378319176
16615212,257737,696757763
16664698,257463,135466525115
16734235,257075,28579055488
16736480,257063,58705870076
16740122,257050,126244453915
16855355,256413,121453927952
16885426,256250,80637204352
16913284,256100,95430266414
16919786,256063,121417397527
17031230,255463,135461604490
17095565,255125,161333109891
17122196,254975,49390144726
17179681,254675,113609784702
17317468,253950,111439872702
17384695,253600,119888196265
17443051,253300,126624994077
17466688,253175,104062266114
17576922,252600,15364704625
17608172,252450,143473327740
17609932,252437,27374533826
17676973,252100,131460635902
17689139,252037,107967271590
17736413,251800,161489069291
17811904,251412,9438744363
17812917,251412,143475695828
17860129,251163,27376082388
17866740,251137,73404821989
17916067,250888,113445416702
18036906,250287,17356739288
18072877,250112,58944822014
18243936,249263,52350920613
18273891,249125,142239828865
18507302,248000,156993558115
18557307,247762,160410144428
18861917,246313,153523279890
18880807,246225,83338292389
18979993,245762,24239453813
18984831,245738,127832710627
19092798,245238,91049721114
19158900,244937,69409990289
19224617,244637,31374140951
19317810,244212,50266466501
19412436,243775,8614511588
19494355,243412,19026995113
19501896,243375,46787378238
19662920,242662,61885727589
19817206,241975,5145827075
19851914,241825,26130518025
19860453,241788,39385549738
19883390,241688,3082706875
19894081,241650,122269004265
19904337,241600,64153018651
19943431,241425,32916948213
19984161,241250,66752833026
20011515,241125,9358658300
20159771,240488,122285329627
20171510,240438,143470139940
20238380,240150,90489726977
20323096,239787,22504479038
20340978,239712,45393772801
20478267,239125,61548585514
20516882,238963,89312786714
20622165,238525,133562820752
20653282,238388,125447352227
20656810,238375,93426333789
20789637,237825,137464453040
20797149,237788,109448117127
20846538,237587,115344513665
21051023,236738,47665724363
21056574,236725,163933770991
21214300,236075,112738073077
21287906,235775,84109038177
21341797,235550,19362644100
21404890,235300,108762982977
21422157,235225,31375121951
21433098,235187,57212209289
21446644,235125,1342836163
21459452,235075,25975862100
21634639,234375,74564981689
21638114,234362,16426583788
21707170,234087,41384656226
21711519,234063,12954098275
21750071,233913,96845967989
21894835,233350,147449191478
21966003,233063,92076704314
21977545,233025,153472498103
22033712,232800,108399515840
22086227,232588,19771555475
22158142,232313,150920156315
22174660,232250,94518741139
22175842,232250,156124958640
22179265,232237,163064757566
22261447,231912,33380898851
22304052,231750,159487977828
22315424,231700,89692959927
22413303,231325,131011704340
22512762,230938,149185633065
22669854,230337,53740998864
22677112,230312,129458374690
22683356,230287,118814329890
22707621,230188,110136858527
22713282,230163,32046500588
22785670,229888,69830297676
22801497,229825,17365007388
22925471,229362,82372026402
22983451,229138,43387789263
22998146,229087,55475589989
23003456,229063,93666014064
23061862,228850,162199061016
23174084,228425,125456125390
23206103,228300,68489279264
23227916,228225,159615691378
23248210,228150,159597462265
23297503,227962,55529705389
23343253,227788,90181392464
23356432,227738,63475789426
23393497,227600,25369200113
23660458,226613,140509181815
23771588,226200,9484385950
23890105,225763,1347191175
24084715,225050,13360641550
24099378,225000,63284672064
24122736,224913,76299759101
24125836,224900,19896876788
24255210,224437,129456072315
24266132,224388,40433819388
24429631,223800,97431327727
24466143,223663,35516084288
24486284,223600,154847047290
24604853,223163,14689096550
24627416,223087,33379690551
24728571,222725,127455361090
24759121,222612,55398773189
24879982,222175,65017377351
24914255,222050,37380897888
24944141,221950,123455145752
25121708,221312,20761307438
25332765,220562,71415202939
25352078,220488,71420508526
25355988,220475,57398993376
25466762,220087,80159432214
25556574,219763,78571776701
25588116,219650,29442133888
25605792,219588,38119250513
25622506,219537,106665166827
25662761,219388,45064454788
25780115,218975,67447775439
25895854,218563,13358770825
25929389,218450,70226908439
25949747,218375,11357056338
26157936,217650,98860240127
26230723,217400,153477985965
26244592,217350,143109429903
26393288,216825,87575411739
26460794,216588,155259653215
26581732,216163,105434080364
26626830,216012,120551928540
26655962,215900,12087920288
26679040,215825,83426072839
26693249,215775,86514361939
27037219,214575,31178700788
27046047,214550,101442538627
27116260,214300,25104519550
27154740,214175,137038428490
27168035,214125,71961247114
27198270,214025,139469906465
27217857,213950,58077862364
27223310,213937,129224800890
27226189,213925,117949538102
27236690,213887,42461617326
27250130,213838,119094208602
27257468,213813,131461921627
27313817,213625,141374902690
27495531,212988,49395558413
27504778,212962,73803884889
27528917,212875,75430955264
27581472,212688,39383257438
27607352,212600,45197389188
27637326,212500,87424958489
27644620,212475,91427870589
27727599,212187,21357432563
27734059,212163,111005392427
28030256,211138,105799486114
28057519,211050,130095687002
28159505,210688,6260592700
28243644,210400,46799698251
28264101,210325,11361874350
28292145,210237,91418501827
28481024,209575,6879922088
28483925,209575,135460462265
28574394,209262,73010394389
28582449,209237,154387316578
28776798,208562,15362647388
28840383,208338,63404853051
28849826,208312,86711501227
28943809,207987,11825548063
29092758,207475,78902145389
29131700,207338,85840581214
29136158,207325,80951002127
29305590,206738,99726207039
29389440,206450,96254300589
29534711,205950,133463522315
29572571,205813,75414008226
29587923,205762,9352584063
29692895,205400,97988876577
29739517,205237,35376810776
29987690,204375,81419065402
30072146,204075,3345484200
30140352,203838,5354858075
30196617,203650,125758347940
30413566,202875,806511325
30445885,202763,6010986425
30551936,202400,127490131840
30654550,202037,27378741526
30700604,201875,73695975164
30927865,201075,71090676714
31037946,200687,23373711313
31063478,200600,136168484128
31070974,200575,148315360078
31074203,200562,111148090690
31094585,200487,7749045963
31240870,199963,45387244063
31298058,199763,127458026327
31410797,199363,134435522840
31438868,199263,93651433164
31450008,199225,73414900264
31513953,199000,109271285277
31514178,199000,119685451265
31540634,198900,29372815463
31644346,198537,42818158401
31693211,198362,48534721226
31751237,198150,38988656776
31778592,198050,11218974163
31807055,197950,43328704751
31813956,197925,37253635588
31858880,197763,18160740625
31969719,197375,117079526615
31977187,197350,139636599440
32034314,197138,117449706727
32041920,197112,13823283438
32085116,196950,4273905538
32322279,196100,92785052389
32381143,195887,47387452301
32419701,195750,111444272490
32503802,195450,159483164290
32706675,194700,26840813275
32739805,194587,78036517289
32796648,194375,64270068701
32829474,194262,141465214578
32989489,193663,29309200838
33028841,193525,102327637727
33037433,193488,51391933313
33166761,193013,141471294615
33215514,192837,151786414878
33303488,192500,11351739425
33306530,192500,158728197503
33322769,192437,97123529627
33339226,192375,107439392977
33408956,192113,118298736377
33562461,191538,95388995714
33656028,191188,124886834802
33662211,191163,87421460239
33694794,191038,23368100950
33810741,190600,39854723163
33870972,190375,65411055514
33899606,190263,19359141500
33951088,190075,119451594190
34080651,189575,10351218663
34166102,189250,36388195463
34222444,189037,3352400238
34284456,188800,51137056688
34320310,188663,145468470790
34349465,188550,62678218501
34467006,188100,103196846139
34527754,187863,149478111690
34753647,186987,116214281040
34792782,186825,27374687588
34838613,186650,95255881289
34868014,186537,104932679102
34884814,186463,27710885088
34930754,186288,157481625240
34946197,186225,49173549326
34953478,186200,99435940452
35000110,186013,61401188876
35054733,185800,79419170714
35201970,185213,33782469288
35222190,185137,47584723351
35296483,184838,155486310990
35523319,183925,72828317514
35560524,183775,45928385288
35611835,183563,7351809325
35815365,182738,81503575064
35878147,182487,56341144189
36026644,181875,106378443914
36133991,181425,21633310000
36223029,181062,141338602778
36360134,180487,150049249928
36407962,180275,7851279763
36500794,179888,131831279927
36575088,179575,97639729939
36580878,179550,89424768627
36637432,179312,100592875452
36643323,179287,116706942815
36734958,178888,85425760639
36782540,178687,11356104463
36783657,178687,137903132903
36830376,178475,21370259663
36861378,178350,119455559015
36872569,178300,94460713452
36919093,178100,121451960115
36921621,178087,27721391026
36933069,178037,17386560313
36983422,177813,45390851488
37040783,177563,15560010375
37078302,177400,44193366413
37139646,177137,52002773376
37208960,176825,10235345638
37305083,176400,31376575013
37319739,176338,125454926477
37361732,176150,83237525452
37380082,176075,143976804978
37399026,175987,7354948288
37446812,175775,119451042802
37515574,175462,5351042463
37517744,175450,54606329201
37536569,175363,37380105613
37569804,175213,60678969676
37590735,175125,113445552965
37778635,174275,156435898828
37782785,174250,77414302801
37870030,173850,65888255801
37924569,173600,84975700902
37931449,173563,3877954950
37996487,173263,2537684075
38021625,173150,67399960126
38022015,173150,91913845639
38062713,172962,59398844839
38156104,172525,59813031364
38396843,171388,33379430563
38520695,170800,43386056751
38535085,170737,101433647302
38564715,170588,83417702064
38579612,170525,157862550890
38604829,170400,131466811152
38622582,170312,67624236789
38718975,169850,137467018840
38833457,169288,132699635227
39085229,168050,130961569665
39157737,167687,107438934515
39221277,167363,97423827589
39239684,167275,123860004865
39289445,167025,81417789427
39319402,166875,121477627777
39329404,166825,140127341065
39509441,165900,14208535850
39622708,165325,71409165314
39640061,165237,34650713726
39911332,163825,117446219727
40312032,161687,67407042864
40428317,161050,18180696988
40481837,160763,95428022764
40483367,160762,158822452778
40491902,160712,65404010064
40510411,160612,111875283315
40538298,160462,144845018578
40547479,160412,153257534853
40551160,160387,30313338451
40586306,160188,30898865463
40696256,159587,38048158776
40991054,157938,159483247890
41014335,157812,131460418040
41030175,157713,17291803675
41054286,157575,1493139575
41094433,157350,1673711000
41102801,157312,103439423952
41104219,157300,69359307339
41205194,156725,55391094326
41231578,156575,65063431051
41368044,155800,135300529203
41402426,155600,115913784752
41428101,155450,81747098639
41445937,155350,123153260440
41488143,155100,38845974526
41594954,154487,100022748627
41759378,153525,22769059925
41761685,153513,52871512538
41765284,153500,140542909415
41843352,153037,7348007413
41877270,152838,99935189414
41920985,152587,79407845314
41932336,152513,41590553488
42081037,151638,24539165775
42151347,151225,19365713175
42218632,150825,29377576701
42268241,150537,109433678065
42269690,150525,85424927289
42274578,150500,127262603715
42287317,150425,145712052103
42330679,150162,56325082714
42349154,150050,87423509402
42485998,149237,145475753328
42518535,149038,157810205065
42562150,148775,92868668077
42772711,147500,105439806827
42899445,146725,88447108114
42974346,146263,47395543663
43032094,145913,131806175527
43074986,145650,43667185726
43121558,145363,61404258176
43129353,145325,157488220390
43362969,143887,152654846403
43448449,143350,73413571501
43471069,143212,102407514302
43482078,143138,107535630452
43503104,143012,79767877364
43518676,142913,145314058240
43611396,142337,11030034613
43670035,141975,109441426727
43683526,141888,121447403052
43696678,141812,115440195240
43849205,140850,7348869863
43914362,140450,146582343240
43982416,140025,133457725552
44107424,139237,37254692351
44109645,139225,121458949602
44110542,139213,61402956676
44116822,139175,49402312926
44151987,138962,145468845378
44196199,138675,1863523213
44286750,138112,107439006340
44402554,137387,162575987741
44470371,136950,35376884638
44519279,136650,111439645227
44531412,136575,141466160353
44543305,136500,133465684440
44719904,135375,23748026063
44844693,134588,152461575915
44852746,134537,9902964438
44994993,133638,55396679026
45022844,133463,73412097376
45165764,132563,13356103600
45299026,131725,57399659364
45353983,131387,142133665353
45416294,130988,84131824639
45478186,130600,62960108589
45501402,130462,153478640653
45580870,129962,151481823678
45585095,129925,16333351638
45598981,129838,43392197313
45674591,129375,159478639990
45843396,128313,105584658764
45976645,127487,144947419503
46026662,127163,3471802425
46147288,126413,91429409464
46314745,125375,117620528477
46363436,125063,12125130950
46425774,124687,88163972402
46440515,124588,51393129963
46467176,124425,51704064026
46496610,124250,140988124153
46572165,123775,49387743313
46698833,123000,147478184928
46820362,122250,88677880814
46853983,122038,42022176038
46871327,121937,32488021151
46873858,121925,135302909215
46881596,121875,113449919977
46921892,121625,66175226439
47037166,120925,135777695065
47040240,120900,47387574726
47061389,120775,91282806514
47298956,119337,103996405852
47311679,119262,151476022953
47328606,119150,24377051100
47337966,119100,109575513390
47354457,119000,93427425452
47449341,118425,23371842475
47507656,118075,50760570563
47656617,117188,151378117515
47736913,116712,128872893890
47916027,115650,107971663802
47989963,115213,138437075115
48052367,114850,138162285303
48251398,113687,72606760314
48258207,113650,133458803740
48313990,113325,91894483677
48377038,112962,38841587826
48427048,112675,49967210176
48682607,111225,53025162901
48727976,110975,98328098102
48849029,110300,94567126702
48871197,110175,93426538039
48938488,109800,73451056414
48984723,109550,137364085490
48986169,109538,162633657878
49049490,109188,95111278964
49075692,109050,143342607365
49086213,108987,13414111913
49102797,108900,129420644965
49104357,108888,147697712065
49208963,108325,156203153253
49213266,108300,133695078815
49265198,108013,40453051038
49276715,107950,12494340888
49360319,107500,6771275775
49490014,106825,151669386415
49517283,106675,61690108526
49738146,105525,2195820525
49923630,104587,8290625488
49947244,104475,149282333903
49959385,104412,106361512127
49986094,104275,111445331227
50009360,104162,132087828865
50164036,103388,68156049901
50242879,103000,25980026738
50709119,100775,27591315463
50721342,100725,117504045752
50835455,100200,104758143389
50971995,99575,68955482514
51142660,98813,67778200851
51181747,98650,154595515965
51261547,98300,135386639228
51323035,98025,46878904826
51368169,97837,77775586139
51718906,96375,141734470428
51735319,96300,33090423301
51795413,96062,69390457364
51814860,95987,147489459828
51951999,95437,134907779803
51956805,95413,143723477565
51988608,95288,163399564928
52000229,95238,51393180363
52161065,94612,14783611913
52193705,94487,19549907688
52319438,94012,80645759577
52322449,94000,111184572877
52379649,93787,144191433703
52453012,93512,128981500915
52493132,93362,108170742465
52505872,93312,38811195701
52706858,92575,91363704614
52855201,92050,151395286253
52910825,91850,104970313577
53043770,91387,76161196589
53108173,91162,8122507063
53122130,91113,112441638027
53174392,90937,41227271476
53249029,90687,99368566552
53434199,90063,35629580013
53621361,89462,72157044489
53761642,89012,28138773351
54015513,88225,145790824903
54019168,88212,92163608877
54210256,87625,35665613501
54242545,87537,151437648728
54274262,87437,8454711838
54287593,87400,120180309852
54332728,87263,155641964465
54401767,87062,62308164889
54414338,87025,104021646189
54557151,86612,91433158402
54607979,86462,10206237588
54653475,86337,133766972790
54749175,86062,36141030026
54829054,85837,30744319076
54845469,85788,96969191239
54863050,85738,77707435501
54932716,85550,93506422939
55030451,85275,16128310763
55058258,85200,30537925851
55098062,85100,142151195415
55156492,84937,23314406988
55478449,84075,22157257938
55521505,83963,28886699663
55541577,83913,84927970639
55639549,83662,42543125001
55649187,83637,31693356426
55869388,83075,66019765101
55935496,82912,61751943689
56016401,82712,96720322227
56020285,82700,94868712939
56054474,82613,114325039852
56081565,82550,123066551040
56147182,82387,48146190201
56178022,82312,64955604314
56280347,82062,5631263063
56378892,81825,90290085252
56447254,81662,19329809188
56549017,81425,140291701315
56612050,81275,114316089977
56634364,81225,134585123153
56714626,81037,118895002290
56833963,80762,125657085990
56894748,80613,25082746800
56920288,80562,76562698589
56930753,80537,39638217226
57042240,80287,145206746303
57333034,79637,58596073764
57387507,79513,105163704114
57462814,79350,79360290501
57475217,79325,101771381564
57498991,79275,108594300427
57538570,79187,10315787438
57569958,79125,163510691891
57630019,78988,108972972552
57655179,78937,32938678226
57690786,78862,57751043514
57741425,78750,70845624564
57745968,78738,69757576026
57780130,78663,6688596350
57788632,78650,69698984264
57855952,78512,84571246727
58044419,78113,98300370039
58056377,78088,93721687264
58138458,77925,148161630590
58210378,77775,109741453027
58220252,77750,51347569826
58295091,77600,90286913039
58322554,77538,30804394713
58378032,77425,17741396375
58408094,77375,161219405103
58485885,77212,18528025538
58658326,76863,19356331575
58741856,76700,44532476438
58783289,76625,131007455465
58787737,76613,161796864003
58793365,76600,61353732864
59018847,76162,48377237701
59125171,75950,22795411200
59306304,75612,109773799115
59319632,75587,114577323115
59458509,75325,143389466990
59518706,75212,149772391803
59644791,74975,101297945677
59667510,74925,7322464375
59712011,74850,119229458890
59982112,74350,72214328164
60016283,74288,130335035977
60063051,74200,29660372776
60065387,74200,87360588702
60076297,74175,15328210750
60094522,74150,129783692390
60173988,74000,58137801501
60178955,73988,22536788475
60204011,73950,113172285827
60317794,73750,161026770790
60353636,73675,11325817225
60469318,73475,82734697514
60484973,73450,116151408002
60500819,73425,157790332090
60505048,73412,16928163413
60506332,73412,79018150264
60520850,73387,112026428065
60622677,73200,54547166751
60672540,73113,93767103864
60719424,73037,106306486027
61052978,72450,19595636663
61067286,72425,15885008375
61084012,72400,61092412926
61101413,72375,122443747002
61104247,72363,37740821963
61112876,72350,47963374763
61118838,72338,32138022788
61152962,72287,92015516327
61171561,72250,54885045064
61321264,72000,119379649552
61374192,71912,128045697240
61450617,71775,40942808176
61481942,71725,77161330226
61532341,71638,77426877226
61574709,71575,136908475878
61648092,71450,98569043839
61676535,71400,68556009839
61717279,71337,128182045040
61755767,71263,3339701350
61951530,70950,124615409627
61964299,70925,70555659026
61995039,70875,74277481639
62003797,70862,27026816451
62026395,70825,86443695564
62029866,70825,160997905828
62109084,70688,104170663714
62229084,70488,21451255125
62232146,70488,152194596515
62347329,70300,45745391713
62354117,70288,58255838151
62452959,70137,157795198728
62542626,69988,144060803815
62600244,69900,132184898515
62792702,69588,110880816752
62822849,69538,41742665688
62936085,69362,29195760176
63057462,69175,125754527115
63157736,69013,121179456652
63180507,68975,37237375926
63314623,68775,140626053053
63407557,68625,66265548014
63483750,68512,103371191452
63546384,68412,1028706688
63611169,68313,164241613978
63623527,68288,5076410150
63686356,68200,118580857627
63701108,68175,87999908214
63721258,68150,162361373828
63939897,67812,38170379176
64073309,67612,80960623552
64104465,67563,154594006265
64140789,67512,117745762990
64226948,67375,53684100051
64381588,67150,130476267852
64522117,66937,11509054138
64597085,66825,63978339901
64622963,66788,158933472915
64683742,66700,123467088590
64693810,66687,150873905103
64705469,66663,116010143077
64729290,66625,24935632013
64781921,66550,54827116764
64794071,66537,82251345677
64811145,66512,93872820777
64864082,66437,163587182391
64884977,66400,73758056714
65082386,66112,26229905588
65103595,66075,8924287513
65158683,66000,81137628389
65204534,65937,112794249815
65212038,65925,116603646590
65226257,65900,63353375826
65298666,65800,132868984352
65450697,65575,59404783701
65581768,65387,43383642076
65645544,65300,148638878178
65662134,65275,136581932815
65692433,65225,50254051301
65702616,65213,152994013865
65770713,65113,102872669539
65816977,65050,97153560377
65819243,65050,139486766003
65835922,65025,122323385365
65882908,64950,17941421850
66000379,64788,155394411740
66061605,64700,83857958102
66077475,64675,50546332776
66084819,64663,45275076188
66129317,64600,28511804301
66131119,64600,60547389276
66158340,64563,148191842015
66201141,64500,53747356989
66274609,64400,107372176727
66281442,64388,141770676415
66347829,64300,160079372615
66364226,64275,138518110753
66426042,64187,107450547415
66427278,64187,153211807803
66430050,64175,45674988926
66456000,64138,64565660201
66549285,64012,95727556302
66588117,63950,27337777988
66615664,63913,97770524164
66751322,63725,83361679177
66820487,63625,48489645213
66908772,63500,31946021363
66959002,63437,82561701977
67006581,63363,14726635175
67079907,63263,74210439026
67089804,63250,56526638189
67110507,63225,106870656377
67264618,63012,89764316102
67296019,62963,85717446964
67303817,62950,20506011225
67357313,62875,10526461525
67366779,62863,38541376888
67403087,62813,71986331976
67430062,62775,36940590988
67481641,62712,155146865403
67485668,62700,67880331139
67803847,62263,132984911052
67975907,62025,50093495376
67993057,62000,28937260176
68099431,61862,103159082077
68139048,61800,23939552238
68184285,61738,34233068038
68248565,61650,27370856451
68277850,61613,116975385327
68316326,61562,25735523138
68316591,61562,35341700101
68366193,61488,4120237350
68377618,61475,39954542576
68427114,61412,43345386226
68450359,61375,29737626551
68669564,61075,32413300613
68744285,60975,52148469538
68751626,60963,36457773888
68874397,60800,79997834314
68891559,60775,59351470426
68922665,60737,75420162389
69009101,60613,43741039888
69173302,60388,6595287200
69346038,60162,87075077577
69420364,60062,132617260815
69545408,59887,915540313
69619434,59787,12167056613
69621085,59787,71589406439
69699239,59675,47347262013
69699548,59675,52948350101
69883081,59425,45599743851
69995241,59275,80873107027
70005207,59262,20928830113
70016252,59250,127382937065
70070894,59175,113775759727
70267808,58900,35380748488
70282119,58887,90564354177
70352119,58788,127297001527
70357678,58787,156642294703
70405845,58713,69738952201
70408939,58712,13119090763
70475947,58625,138588960690
70586804,58463,5720854675
70587506,58463,32599838263
70599249,58450,64155229276
70649438,58387,111373892115
70741777,58262,136051082578
70742163,58262,149779406428
70841496,58125,144990244065
70920862,58012,33738166151
70924761,58000,4482337550
70999710,57900,20129768225
71082908,57788,88964577814
71195047,57637,41101362051
71209811,57613,79035627951
71267272,57537,6521733888
71354534,57413,31338952488
71405697,57350,121780818227
71456645,57275,58551036639
71641583,57025,129156242290
71653157,57000,15926877138
71699436,56938,85462027539
71723009,56912,118015596590
71763757,56850,60953141639
71980789,56550,82282099427
72034778,56475,81762687814
72146446,56325,160199460853
72147743,56313,39341957863
72229302,56200,42242740226
72251152,56175,112975035265
72253620,56175,159398330303
72326971,56063,62551441451
72358151,56025,102572169227
72374455,56000,72958124301
72374552,56000,74596483101
72456758,55887,49308434676
72508809,55812,21157850263
72565227,55737,138338802153
72691278,55550,12924407125
72741745,55487,106572820977
72785152,55425,123582750240
72792900,55412,44146613651
72888714,55275,73128726601
72916031,55237,13635177363
72937301,55212,150594145778
72959229,55175,70995269326
73073071,55013,139390067165
73112771,54962,159418733528
73157474,54888,17728444975
73157816,54888,30802954963
73205135,54825,84592463989
73225840,54800,142589213490
73250966,54762,74556669314
73277238,54725,123382113052
73296119,54700,148991084265
73326030,54650,60453450201
73476731,54437,62834919089
73608195,54250,152068553890
73623735,54225,125438352165
73744912,54050,134722718140
73774441,54000,36520825188
73792099,53975,42061504451
73902548,53813,75308506226
73923854,53787,76962107539
73972536,53713,131475434452
73985558,53700,149576118240
74037895,53613,11353425600
74232222,53337,146105761778
74354984,53150,84963693314
74391510,53100,149791291690
74396361,53088,162598688828
74400715,53075,1052672638
74440922,53025,133784805940
74455808,53000,92964887452
74489173,52950,83428433027
74500229,52937,105015191752
74531972,52887,26537567888
74545896,52863,80160292801
74578199,52813,54920730826
74600915,52787,136985179428
74655904,52700,100169165052
74660959,52688,75820709751
74675472,52663,2885322175
74801680,52475,34024221651
75210783,51850,65755181239
75246241,51800,124180631902
75358821,51625,121727747465
75396522,51563,145863278365
75425283,51513,4920249900
75531033,51350,55973647101
75544172,51325,2522098063
75581394,51275,112173819265
75622019,51212,96165563877
75660307,51150,108726588190
75672472,51125,34454947188
75681098,51113,100970251189
75859294,50837,84161492227
75921621,50737,89148347027
75954354,50687,158866287803
75990273,50625,92577904614
76117009,50425,141788298153
76196138,50288,78850035326
76309759,50112,155499201828
76322296,50087,41881251501
76349642,50038,66553314601
76380392,49988,85762954489
76405549,49950,99444304964
76416757,49925,15003323650
76576027,49663,44945877438
76760231,49362,78559819939
76767671,49350,120835823390
76796474,49300,97588616289
77116961,48750,47453002188
77151130,48700,164198754203
77231788,48550,34540317476
77491975,48100,136185719303
77565564,47963,101543274864
77569670,47962,131385081740
77587198,47925,56950513789
77631562,47850,114404832527
77900543,47362,55350343939
77996826,47187,117779948665
78022683,47137,67411258489
78150497,46900,125781437840
78166781,46863,77760117101
78254522,46700,60151507426
78279740,46650,21645249275
78297456,46625,140187651265
78318595,46575,14028225188
78439969,46350,126899875440
78551459,46137,158596201128
78598945,46038,164429751728
78662117,45913,101730993039
78713583,45813,153794226765
78756613,45725,53312655963
78781709,45675,46545692651
78823132,45600,137785812903
78933644,45375,115462329327
78958533,45325,122581056365
79061918,45112,51163190626
79068632,45100,124048559702
79142850,44938,49105655013
79195205,44837,116176825565
79215371,44788,82542627764
79291263,44625,1720723763
79396258,44412,154359523628
79440142,44312,3319900013
79535081,44112,144011387403
79535928,44100,14529032913
79550378,44075,99448304827
79572197,44025,65126336364
79648703,43862,95366008852
79772403,43587,103148104377
79800783,43525,157007242403
79854193,43400,115377392315
79985337,43100,126583768377
80034395,42987,150923214003
80276160,42412,137195156203
80311042,42325,110574117790
80391997,42125,90161859502
80509542,41837,119870413965
80579494,41662,146559404903
80610958,41575,40144463888
80612045,41575,75356416514
80655519,41463,105772482239
80717411,41312,160718618528
80965491,40650,40030397263
81078061,40350,124980410627
81208116,39987,9062750613
81329153,39638,24134836225
81340723,39612,86563086452
81411615,39400,56150921864
81416488,39388,156197126940
81454081,39275,49745756688
81516582,39088,71356344126
81524242,39063,17070232325
81597679,38850,147723274865
81598544,38838,37666628188
81668835,38625,86857715627
81763101,38325,46818777126
82024135,37475,88304465927
82030339,37450,36310009513
82032025,37450,110581707577
82091950,37238,7916943850
82426135,36037,152988139428
82527562,35637,18214189588
82605820,35325,96008649952
82751350,34725,146347041553
82797594,34525,120036419302
82884290,34138,56736075001
82895338,34088,21728954650
82973795,33738,146591407440
83121185,33050,142917876178
83136193,32975,120979846115
83141830,32950,153293585815
83179984,32750,13727423375
83195242,32675,25175624888
83197542,32663,23337417225
83320024,32025,9724032600
83331051,31975,129189682365
83400438,31575,52539214951
83410284,31525,147392071015
83467308,31175,67355254864
83554551,30625,59745731151
83571363,30513,57114493876
83583071,30438,114301450827
83630404,30125,4738506725
83757366,29275,156995467703
83787525,29062,48947693801
83799579,28975,64165194989
84022769,26888,130584904377
84093538,24587,100590371377
